id,tribunal,numero,assunto,classe,data_decisao,orgao_julgador,julgador,texto_decisao,relatorio,fundamentacao,dispositivo,polo_ativo,polo_passivo,origem,classificacao,classificacao_auto,words
"data","fields","hasCSVColumnTitle"
"{""id"":2,""tribunal"":null,""numero"":null,""assunto"":null,""classe"":null,""data_decisao"":null,""orgao_julgador"":null,""julgador"":null,""texto_decisao"":""teste"",""relatorio"":null,""fundamentacao"":null,""dispositivo"":null,""polo_ativo"":null,""polo_passivo"":null,""origem"":null,""classificacao"":null,""classificacao_auto"":null,""words"":""{\""366\"": 1.0}""}","[""id"",""tribunal"",""numero"",""assunto"",""classe"",""data_decisao"",""orgao_julgador"",""julgador"",""texto_decisao"",""relatorio"",""fundamentacao"",""dispositivo"",""polo_ativo"",""polo_passivo"",""origem"",""classificacao"",""classificacao_auto"",""words""]",false
"data","fields","hasCSVColumnTitle"
"{""id"":3,""tribunal"":null,""numero"":null,""assunto"":null,""classe"":null,""data_decisao"":null,""orgao_julgador"":null,""julgador"":null,""texto_decisao"":""teste"",""relatorio"":null,""fundamentacao"":null,""dispositivo"":null,""polo_ativo"":null,""polo_passivo"":null,""origem"":null,""classificacao"":null,""classificacao_auto"":null,""words"":""{\""366\"": 1.0}""}","[""id"",""tribunal"",""numero"",""assunto"",""classe"",""data_decisao"",""orgao_julgador"",""julgador"",""texto_decisao"",""relatorio"",""fundamentacao"",""dispositivo"",""polo_ativo"",""polo_passivo"",""origem"",""classificacao"",""classificacao_auto"",""words""]",false
